#{"t_start": 1745506816.0298755, "env_id": "highway-v0"}
r,l,t
11.281725,15,7.199516
