#{"t_start": 1745506816.0361152, "env_id": "highway-v0"}
r,l,t
6.804612,10,4.964165
