#{"t_start": 1745506816.0428295, "env_id": "highway-v0"}
r,l,t
7.557581,11,5.321503
