#{"t_start": 1745506816.049743, "env_id": "highway-v0"}
r,l,t
5.248319,7,3.842697
7.703363,9,7.547191
