#{"t_start": 1745507044.804411, "env_id": "highway-v0"}
r,l,t
13.338026,16,6.411315
