#{"t_start": 1745507044.8107016, "env_id": "highway-v0"}
r,l,t
14.239954,17,6.760554
3.892373,5,8.539789
1.884995,3,9.58681
