#{"t_start": 1745507044.8176103, "env_id": "highway-v0"}
r,l,t
15.730833,21,8.177461
