#{"t_start": 1745506770.49214, "env_id": "highway-v0"}
r,l,t
11.281725,15,7.245142
