#{"t_start": 1745506770.4985418, "env_id": "highway-v0"}
r,l,t
6.804612,10,4.778326
8.263537,11,9.392285
