#{"t_start": 1745506770.504942, "env_id": "highway-v0"}
r,l,t
7.557581,11,5.297013
