#{"t_start": 1745506770.512649, "env_id": "highway-v0"}
r,l,t
5.248319,7,3.551369
7.703363,9,7.597192
9.112291,13,13.113313
